[  
   {  
      "created_at":"Sun Mar 18 21:22:11 +0000 2018",
      "id":975482523693322242,
      "id_str":"975482523693322242",
      "text":"Hello, here is an octopus picture for you. https:\/\/t.co\/mU7XSSg7De",
      "truncated":false,
      "entities":{  
         "hashtags":[  

         ],
         "symbols":[  

         ],
         "user_mentions":[  

         ],
         "urls":[  

         ],
         "media":[  
            {  
               "id":975482389051969536,
               "id_str":"975482389051969536",
               "indices":[  
                  43,
                  66
               ],
               "media_url":"https://pbs.twimg.com/media/DYmcEIQXkAATzaR.png",
               "media_url_https":"https:\/\/pbs.twimg.com\/media\/DYmcEIQXkAATzaR.png",
               "url":"https:\/\/t.co\/mU7XSSg7De",
               "display_url":"pic.twitter.com\/mU7XSSg7De",
               "expanded_url":"https:\/\/twitter.com\/test1_rob\/status\/975482523693322242\/photo\/1",
               "type":"photo",
               "sizes":{  
                  "small":{  
                     "w":680,
                     "h":441,
                     "resize":"fit"
                  },
                  "medium":{  
                     "w":853,
                     "h":553,
                     "resize":"fit"
                  },
                  "large":{  
                     "w":853,
                     "h":553,
                     "resize":"fit"
                  },
                  "thumb":{  
                     "w":150,
                     "h":150,
                     "resize":"crop"
                  }
               }
            }
         ]
      },
      "extended_entities":{  
         "media":[  
            {  
               "id":975482389051969536,
               "id_str":"975482389051969536",
               "indices":[  
                  43,
                  66
               ],
               "media_url":"http:\/\/pbs.twimg.com\/media\/DYmcEIQXkAATzaR.png",
               "media_url_https":"https:\/\/pbs.twimg.com\/media\/DYmcEIQXkAATzaR.png",
               "url":"https:\/\/t.co\/mU7XSSg7De",
               "display_url":"pic.twitter.com\/mU7XSSg7De",
               "expanded_url":"https:\/\/twitter.com\/test1_rob\/status\/975482523693322242\/photo\/1",
               "type":"photo",
               "sizes":{  
                  "small":{  
                     "w":680,
                     "h":441,
                     "resize":"fit"
                  },
                  "medium":{  
                     "w":853,
                     "h":553,
                     "resize":"fit"
                  },
                  "large":{  
                     "w":853,
                     "h":553,
                     "resize":"fit"
                  },
                  "thumb":{  
                     "w":150,
                     "h":150,
                     "resize":"crop"
                  }
               }
            }
         ]
      },
      "source":"\u003ca href=\"http:\/\/twitter.com\" rel=\"nofollow\"\u003eTwitter Web Client\u003c\/a\u003e",
      "in_reply_to_status_id":null,
      "in_reply_to_status_id_str":null,
      "in_reply_to_user_id":null,
      "in_reply_to_user_id_str":null,
      "in_reply_to_screen_name":null,
      "user":{  
         "id":972571690923429889,
         "id_str":"972571690923429889",
         "name":"Rob Test1",
         "screen_name":"test1_rob",
         "location":"",
         "description":"",
         "url":null,
         "entities":{  
            "description":{  
               "urls":[  

               ]
            }
         },
         "protected":false,
         "followers_count":2,
         "friends_count":2,
         "listed_count":0,
         "created_at":"Sat Mar 10 20:35:35 +0000 2018",
         "favourites_count":0,
         "utc_offset":-25200,
         "time_zone":"Pacific Time (US & Canada)",
         "geo_enabled":false,
         "verified":false,
         "statuses_count":7,
         "lang":"en",
         "contributors_enabled":false,
         "is_translator":false,
         "is_translation_enabled":false,
         "profile_background_color":"F5F8FA",
         "profile_background_image_url":null,
         "profile_background_image_url_https":null,
         "profile_background_tile":false,
         "profile_image_url":"http:\/\/abs.twimg.com\/sticky\/default_profile_images\/default_profile_normal.png",
         "profile_image_url_https":"https:\/\/abs.twimg.com\/sticky\/default_profile_images\/default_profile_normal.png",
         "profile_link_color":"1DA1F2",
         "profile_sidebar_border_color":"C0DEED",
         "profile_sidebar_fill_color":"DDEEF6",
         "profile_text_color":"333333",
         "profile_use_background_image":true,
         "has_extended_profile":false,
         "default_profile":true,
         "default_profile_image":true,
         "following":false,
         "follow_request_sent":false,
         "notifications":false,
         "translator_type":"none"
      },
      "geo":null,
      "coordinates":null,
      "place":null,
      "contributors":null,
      "is_quote_status":false,
      "retweet_count":0,
      "favorite_count":0,
      "favorited":false,
      "retweeted":false,
      "possibly_sensitive":false,
      "possibly_sensitive_appealable":false,
      "lang":"en"
   },
   {  
      "created_at":"Tue Mar 13 20:33:11 +0000 2018",
      "id":973658249428963329,
      "id_str":"973658249428963329",
      "text":"Running the tests https:\/\/t.co\/TuOBolrCM3 https:\/\/t.co\/cYwtOlMzjS",
      "truncated":false,
      "entities":{  
         "hashtags":[  

         ],
         "symbols":[  

         ],
         "user_mentions":[  

         ],
         "urls":[  
            {  
               "url":"https:\/\/t.co\/TuOBolrCM3",
               "expanded_url":"http:\/\/adodson.com\/hello.js\/#1-register",
               "display_url":"adodson.com\/hello.js\/#1-re\u2026",
               "indices":[  
                  18,
                  41
               ]
            },
            {  
               "url":"https:\/\/t.co\/cYwtOlMzjS",
               "expanded_url":"http:\/\/adodson.com\/hello.js\/assets\/logo.png",
               "display_url":"adodson.com\/hello.js\/asset\u2026",
               "indices":[  
                  42,
                  65
               ]
            }
         ]
      },
      "source":"\u003ca href=\"http:\/\/adodson.com\/hello.js\/\" rel=\"nofollow\"\u003eHelloJS\u003c\/a\u003e",
      "in_reply_to_status_id":null,
      "in_reply_to_status_id_str":null,
      "in_reply_to_user_id":null,
      "in_reply_to_user_id_str":null,
      "in_reply_to_screen_name":null,
      "user":{  
         "id":972571690923429889,
         "id_str":"972571690923429889",
         "name":"Rob Test1",
         "screen_name":"test1_rob",
         "location":"",
         "description":"",
         "url":null,
         "entities":{  
            "description":{  
               "urls":[  

               ]
            }
         },
         "protected":false,
         "followers_count":2,
         "friends_count":2,
         "listed_count":0,
         "created_at":"Sat Mar 10 20:35:35 +0000 2018",
         "favourites_count":0,
         "utc_offset":-25200,
         "time_zone":"Pacific Time (US & Canada)",
         "geo_enabled":false,
         "verified":false,
         "statuses_count":7,
         "lang":"en",
         "contributors_enabled":false,
         "is_translator":false,
         "is_translation_enabled":false,
         "profile_background_color":"F5F8FA",
         "profile_background_image_url":null,
         "profile_background_image_url_https":null,
         "profile_background_tile":false,
         "profile_image_url":"http:\/\/abs.twimg.com\/sticky\/default_profile_images\/default_profile_normal.png",
         "profile_image_url_https":"https:\/\/abs.twimg.com\/sticky\/default_profile_images\/default_profile_normal.png",
         "profile_link_color":"1DA1F2",
         "profile_sidebar_border_color":"C0DEED",
         "profile_sidebar_fill_color":"DDEEF6",
         "profile_text_color":"333333",
         "profile_use_background_image":true,
         "has_extended_profile":false,
         "default_profile":true,
         "default_profile_image":true,
         "following":false,
         "follow_request_sent":false,
         "notifications":false,
         "translator_type":"none"
      },
      "geo":null,
      "coordinates":null,
      "place":null,
      "contributors":null,
      "is_quote_status":false,
      "retweet_count":0,
      "favorite_count":0,
      "favorited":false,
      "retweeted":false,
      "possibly_sensitive":false,
      "possibly_sensitive_appealable":false,
      "lang":"en"
   },
   {  
      "created_at":"Mon Mar 12 00:26:32 +0000 2018",
      "id":972992200396206085,
      "id_str":"972992200396206085",
      "text":"Hey 506 Group test tweet",
      "truncated":false,
      "entities":{  
         "hashtags":[  

         ],
         "symbols":[  

         ],
         "user_mentions":[  

         ],
         "urls":[  

         ]
      },
      "source":"\u003ca href=\"https:\/\/twitter.com\/robjohn99\" rel=\"nofollow\"\u003eRob's Twitter Test\u003c\/a\u003e",
      "in_reply_to_status_id":null,
      "in_reply_to_status_id_str":null,
      "in_reply_to_user_id":null,
      "in_reply_to_user_id_str":null,
      "in_reply_to_screen_name":null,
      "user":{  
         "id":972571690923429889,
         "id_str":"972571690923429889",
         "name":"Rob Test1",
         "screen_name":"test1_rob",
         "location":"",
         "description":"",
         "url":null,
         "entities":{  
            "description":{  
               "urls":[  

               ]
            }
         },
         "protected":false,
         "followers_count":2,
         "friends_count":2,
         "listed_count":0,
         "created_at":"Sat Mar 10 20:35:35 +0000 2018",
         "favourites_count":0,
         "utc_offset":-25200,
         "time_zone":"Pacific Time (US & Canada)",
         "geo_enabled":false,
         "verified":false,
         "statuses_count":7,
         "lang":"en",
         "contributors_enabled":false,
         "is_translator":false,
         "is_translation_enabled":false,
         "profile_background_color":"F5F8FA",
         "profile_background_image_url":null,
         "profile_background_image_url_https":null,
         "profile_background_tile":false,
         "profile_image_url":"http:\/\/abs.twimg.com\/sticky\/default_profile_images\/default_profile_normal.png",
         "profile_image_url_https":"https:\/\/abs.twimg.com\/sticky\/default_profile_images\/default_profile_normal.png",
         "profile_link_color":"1DA1F2",
         "profile_sidebar_border_color":"C0DEED",
         "profile_sidebar_fill_color":"DDEEF6",
         "profile_text_color":"333333",
         "profile_use_background_image":true,
         "has_extended_profile":false,
         "default_profile":true,
         "default_profile_image":true,
         "following":false,
         "follow_request_sent":false,
         "notifications":false,
         "translator_type":"none"
      },
      "geo":null,
      "coordinates":null,
      "place":null,
      "contributors":null,
      "is_quote_status":false,
      "retweet_count":0,
      "favorite_count":0,
      "favorited":false,
      "retweeted":false,
      "lang":"en"
   },
   {  
      "created_at":"Mon Mar 12 00:18:11 +0000 2018",
      "id":972990099251187714,
      "id_str":"972990099251187714",
      "text":"Hey 506 Group",
      "truncated":false,
      "entities":{  
         "hashtags":[  

         ],
         "symbols":[  

         ],
         "user_mentions":[  

         ],
         "urls":[  

         ]
      },
      "source":"\u003ca href=\"https:\/\/twitter.com\/robjohn99\" rel=\"nofollow\"\u003eRob's Twitter Test\u003c\/a\u003e",
      "in_reply_to_status_id":null,
      "in_reply_to_status_id_str":null,
      "in_reply_to_user_id":null,
      "in_reply_to_user_id_str":null,
      "in_reply_to_screen_name":null,
      "user":{  
         "id":972571690923429889,
         "id_str":"972571690923429889",
         "name":"Rob Test1",
         "screen_name":"test1_rob",
         "location":"",
         "description":"",
         "url":null,
         "entities":{  
            "description":{  
               "urls":[  

               ]
            }
         },
         "protected":false,
         "followers_count":2,
         "friends_count":2,
         "listed_count":0,
         "created_at":"Sat Mar 10 20:35:35 +0000 2018",
         "favourites_count":0,
         "utc_offset":-25200,
         "time_zone":"Pacific Time (US & Canada)",
         "geo_enabled":false,
         "verified":false,
         "statuses_count":7,
         "lang":"en",
         "contributors_enabled":false,
         "is_translator":false,
         "is_translation_enabled":false,
         "profile_background_color":"F5F8FA",
         "profile_background_image_url":null,
         "profile_background_image_url_https":null,
         "profile_background_tile":false,
         "profile_image_url":"http:\/\/abs.twimg.com\/sticky\/default_profile_images\/default_profile_normal.png",
         "profile_image_url_https":"https:\/\/abs.twimg.com\/sticky\/default_profile_images\/default_profile_normal.png",
         "profile_link_color":"1DA1F2",
         "profile_sidebar_border_color":"C0DEED",
         "profile_sidebar_fill_color":"DDEEF6",
         "profile_text_color":"333333",
         "profile_use_background_image":true,
         "has_extended_profile":false,
         "default_profile":true,
         "default_profile_image":true,
         "following":false,
         "follow_request_sent":false,
         "notifications":false,
         "translator_type":"none"
      },
      "geo":null,
      "coordinates":null,
      "place":null,
      "contributors":null,
      "is_quote_status":false,
      "retweet_count":0,
      "favorite_count":0,
      "favorited":false,
      "retweeted":false,
      "lang":"en"
   },
   {  
      "created_at":"Sun Mar 11 22:24:45 +0000 2018",
      "id":972961553501782016,
      "id_str":"972961553501782016",
      "text":"test1 is the best1",
      "truncated":false,
      "entities":{  
         "hashtags":[  

         ],
         "symbols":[  

         ],
         "user_mentions":[  

         ],
         "urls":[  

         ]
      },
      "source":"\u003ca href=\"http:\/\/twitter.com\" rel=\"nofollow\"\u003eTwitter Web Client\u003c\/a\u003e",
      "in_reply_to_status_id":null,
      "in_reply_to_status_id_str":null,
      "in_reply_to_user_id":null,
      "in_reply_to_user_id_str":null,
      "in_reply_to_screen_name":null,
      "user":{  
         "id":972571690923429889,
         "id_str":"972571690923429889",
         "name":"Rob Test1",
         "screen_name":"test1_rob",
         "location":"",
         "description":"",
         "url":null,
         "entities":{  
            "description":{  
               "urls":[  

               ]
            }
         },
         "protected":false,
         "followers_count":2,
         "friends_count":2,
         "listed_count":0,
         "created_at":"Sat Mar 10 20:35:35 +0000 2018",
         "favourites_count":0,
         "utc_offset":-25200,
         "time_zone":"Pacific Time (US & Canada)",
         "geo_enabled":false,
         "verified":false,
         "statuses_count":7,
         "lang":"en",
         "contributors_enabled":false,
         "is_translator":false,
         "is_translation_enabled":false,
         "profile_background_color":"F5F8FA",
         "profile_background_image_url":null,
         "profile_background_image_url_https":null,
         "profile_background_tile":false,
         "profile_image_url":"http:\/\/abs.twimg.com\/sticky\/default_profile_images\/default_profile_normal.png",
         "profile_image_url_https":"https:\/\/abs.twimg.com\/sticky\/default_profile_images\/default_profile_normal.png",
         "profile_link_color":"1DA1F2",
         "profile_sidebar_border_color":"C0DEED",
         "profile_sidebar_fill_color":"DDEEF6",
         "profile_text_color":"333333",
         "profile_use_background_image":true,
         "has_extended_profile":false,
         "default_profile":true,
         "default_profile_image":true,
         "following":false,
         "follow_request_sent":false,
         "notifications":false,
         "translator_type":"none"
      },
      "geo":null,
      "coordinates":null,
      "place":null,
      "contributors":null,
      "is_quote_status":false,
      "retweet_count":0,
      "favorite_count":0,
      "favorited":false,
      "retweeted":false,
      "lang":"en"
   },
   {  
      "created_at":"Sun Mar 11 22:23:04 +0000 2018",
      "id":972961130393063425,
      "id_str":"972961130393063425",
      "text":"test2 with tweet number 2",
      "truncated":false,
      "entities":{  
         "hashtags":[  

         ],
         "symbols":[  

         ],
         "user_mentions":[  

         ],
         "urls":[  

         ]
      },
      "source":"\u003ca href=\"http:\/\/twitter.com\" rel=\"nofollow\"\u003eTwitter Web Client\u003c\/a\u003e",
      "in_reply_to_status_id":null,
      "in_reply_to_status_id_str":null,
      "in_reply_to_user_id":null,
      "in_reply_to_user_id_str":null,
      "in_reply_to_screen_name":null,
      "user":{  
         "id":972572853337055232,
         "id_str":"972572853337055232",
         "name":"Rob Test2",
         "screen_name":"test2_rob",
         "location":"",
         "description":"",
         "url":null,
         "entities":{  
            "description":{  
               "urls":[  

               ]
            }
         },
         "protected":false,
         "followers_count":2,
         "friends_count":2,
         "listed_count":0,
         "created_at":"Sat Mar 10 20:40:12 +0000 2018",
         "favourites_count":0,
         "utc_offset":null,
         "time_zone":null,
         "geo_enabled":false,
         "verified":false,
         "statuses_count":2,
         "lang":"en",
         "contributors_enabled":false,
         "is_translator":false,
         "is_translation_enabled":false,
         "profile_background_color":"F5F8FA",
         "profile_background_image_url":null,
         "profile_background_image_url_https":null,
         "profile_background_tile":false,
         "profile_image_url":"http:\/\/abs.twimg.com\/sticky\/default_profile_images\/default_profile_normal.png",
         "profile_image_url_https":"https:\/\/abs.twimg.com\/sticky\/default_profile_images\/default_profile_normal.png",
         "profile_link_color":"1DA1F2",
         "profile_sidebar_border_color":"C0DEED",
         "profile_sidebar_fill_color":"DDEEF6",
         "profile_text_color":"333333",
         "profile_use_background_image":true,
         "has_extended_profile":false,
         "default_profile":true,
         "default_profile_image":true,
         "following":true,
         "follow_request_sent":false,
         "notifications":false,
         "translator_type":"none"
      },
      "geo":null,
      "coordinates":null,
      "place":null,
      "contributors":null,
      "is_quote_status":false,
      "retweet_count":0,
      "favorite_count":0,
      "favorited":false,
      "retweeted":false,
      "lang":"en"
   },
   {  
      "created_at":"Sun Mar 11 22:22:46 +0000 2018",
      "id":972961052836220928,
      "id_str":"972961052836220928",
      "text":"ayyyy its test2 hello world",
      "truncated":false,
      "entities":{  
         "hashtags":[  

         ],
         "symbols":[  

         ],
         "user_mentions":[  

         ],
         "urls":[  

         ]
      },
      "source":"\u003ca href=\"http:\/\/twitter.com\" rel=\"nofollow\"\u003eTwitter Web Client\u003c\/a\u003e",
      "in_reply_to_status_id":null,
      "in_reply_to_status_id_str":null,
      "in_reply_to_user_id":null,
      "in_reply_to_user_id_str":null,
      "in_reply_to_screen_name":null,
      "user":{  
         "id":972572853337055232,
         "id_str":"972572853337055232",
         "name":"Rob Test2",
         "screen_name":"test2_rob",
         "location":"",
         "description":"",
         "url":null,
         "entities":{  
            "description":{  
               "urls":[  

               ]
            }
         },
         "protected":false,
         "followers_count":2,
         "friends_count":2,
         "listed_count":0,
         "created_at":"Sat Mar 10 20:40:12 +0000 2018",
         "favourites_count":0,
         "utc_offset":null,
         "time_zone":null,
         "geo_enabled":false,
         "verified":false,
         "statuses_count":2,
         "lang":"en",
         "contributors_enabled":false,
         "is_translator":false,
         "is_translation_enabled":false,
         "profile_background_color":"F5F8FA",
         "profile_background_image_url":null,
         "profile_background_image_url_https":null,
         "profile_background_tile":false,
         "profile_image_url":"http:\/\/abs.twimg.com\/sticky\/default_profile_images\/default_profile_normal.png",
         "profile_image_url_https":"https:\/\/abs.twimg.com\/sticky\/default_profile_images\/default_profile_normal.png",
         "profile_link_color":"1DA1F2",
         "profile_sidebar_border_color":"C0DEED",
         "profile_sidebar_fill_color":"DDEEF6",
         "profile_text_color":"333333",
         "profile_use_background_image":true,
         "has_extended_profile":false,
         "default_profile":true,
         "default_profile_image":true,
         "following":true,
         "follow_request_sent":false,
         "notifications":false,
         "translator_type":"none"
      },
      "geo":null,
      "coordinates":null,
      "place":null,
      "contributors":null,
      "is_quote_status":false,
      "retweet_count":0,
      "favorite_count":0,
      "favorited":false,
      "retweeted":false,
      "lang":"en"
   },
   {  
      "created_at":"Sun Mar 11 22:20:38 +0000 2018",
      "id":972960517479378952,
      "id_str":"972960517479378952",
      "text":"this it test3's first tweet thanks",
      "truncated":false,
      "entities":{  
         "hashtags":[  

         ],
         "symbols":[  

         ],
         "user_mentions":[  

         ],
         "urls":[  

         ]
      },
      "source":"\u003ca href=\"http:\/\/twitter.com\" rel=\"nofollow\"\u003eTwitter Web Client\u003c\/a\u003e",
      "in_reply_to_status_id":null,
      "in_reply_to_status_id_str":null,
      "in_reply_to_user_id":null,
      "in_reply_to_user_id_str":null,
      "in_reply_to_screen_name":null,
      "user":{  
         "id":972573311212367874,
         "id_str":"972573311212367874",
         "name":"Rob Test3",
         "screen_name":"test3_rob",
         "location":"",
         "description":"",
         "url":null,
         "entities":{  
            "description":{  
               "urls":[  

               ]
            }
         },
         "protected":false,
         "followers_count":2,
         "friends_count":2,
         "listed_count":0,
         "created_at":"Sat Mar 10 20:42:01 +0000 2018",
         "favourites_count":0,
         "utc_offset":null,
         "time_zone":null,
         "geo_enabled":false,
         "verified":false,
         "statuses_count":1,
         "lang":"en",
         "contributors_enabled":false,
         "is_translator":false,
         "is_translation_enabled":false,
         "profile_background_color":"F5F8FA",
         "profile_background_image_url":null,
         "profile_background_image_url_https":null,
         "profile_background_tile":false,
         "profile_image_url":"http:\/\/abs.twimg.com\/sticky\/default_profile_images\/default_profile_normal.png",
         "profile_image_url_https":"https:\/\/abs.twimg.com\/sticky\/default_profile_images\/default_profile_normal.png",
         "profile_link_color":"1DA1F2",
         "profile_sidebar_border_color":"C0DEED",
         "profile_sidebar_fill_color":"DDEEF6",
         "profile_text_color":"333333",
         "profile_use_background_image":true,
         "has_extended_profile":false,
         "default_profile":true,
         "default_profile_image":true,
         "following":true,
         "follow_request_sent":false,
         "notifications":false,
         "translator_type":"none"
      },
      "geo":null,
      "coordinates":null,
      "place":null,
      "contributors":null,
      "is_quote_status":false,
      "retweet_count":0,
      "favorite_count":0,
      "favorited":false,
      "retweeted":false,
      "lang":"en"
   },
   {  
      "created_at":"Sun Mar 11 22:04:58 +0000 2018",
      "id":972956574439428096,
      "id_str":"972956574439428096",
      "text":"It worked thanks",
      "truncated":false,
      "entities":{  
         "hashtags":[  

         ],
         "symbols":[  

         ],
         "user_mentions":[  

         ],
         "urls":[  

         ]
      },
      "source":"\u003ca href=\"https:\/\/twitter.com\/robjohn99\" rel=\"nofollow\"\u003eRob's Twitter Test\u003c\/a\u003e",
      "in_reply_to_status_id":null,
      "in_reply_to_status_id_str":null,
      "in_reply_to_user_id":null,
      "in_reply_to_user_id_str":null,
      "in_reply_to_screen_name":null,
      "user":{  
         "id":972571690923429889,
         "id_str":"972571690923429889",
         "name":"Rob Test1",
         "screen_name":"test1_rob",
         "location":"",
         "description":"",
         "url":null,
         "entities":{  
            "description":{  
               "urls":[  

               ]
            }
         },
         "protected":false,
         "followers_count":2,
         "friends_count":2,
         "listed_count":0,
         "created_at":"Sat Mar 10 20:35:35 +0000 2018",
         "favourites_count":0,
         "utc_offset":-25200,
         "time_zone":"Pacific Time (US & Canada)",
         "geo_enabled":false,
         "verified":false,
         "statuses_count":7,
         "lang":"en",
         "contributors_enabled":false,
         "is_translator":false,
         "is_translation_enabled":false,
         "profile_background_color":"F5F8FA",
         "profile_background_image_url":null,
         "profile_background_image_url_https":null,
         "profile_background_tile":false,
         "profile_image_url":"http:\/\/abs.twimg.com\/sticky\/default_profile_images\/default_profile_normal.png",
         "profile_image_url_https":"https:\/\/abs.twimg.com\/sticky\/default_profile_images\/default_profile_normal.png",
         "profile_link_color":"1DA1F2",
         "profile_sidebar_border_color":"C0DEED",
         "profile_sidebar_fill_color":"DDEEF6",
         "profile_text_color":"333333",
         "profile_use_background_image":true,
         "has_extended_profile":false,
         "default_profile":true,
         "default_profile_image":true,
         "following":false,
         "follow_request_sent":false,
         "notifications":false,
         "translator_type":"none"
      },
      "geo":null,
      "coordinates":null,
      "place":null,
      "contributors":null,
      "is_quote_status":false,
      "retweet_count":0,
      "favorite_count":0,
      "favorited":false,
      "retweeted":false,
      "lang":"en"
   },
   {  
      "created_at":"Sun Mar 11 22:04:24 +0000 2018",
      "id":972956429832384512,
      "id_str":"972956429832384512",
      "text":"Testing twurl",
      "truncated":false,
      "entities":{  
         "hashtags":[  

         ],
         "symbols":[  

         ],
         "user_mentions":[  

         ],
         "urls":[  

         ]
      },
      "source":"\u003ca href=\"https:\/\/twitter.com\/robjohn99\" rel=\"nofollow\"\u003eRob's Twitter Test\u003c\/a\u003e",
      "in_reply_to_status_id":null,
      "in_reply_to_status_id_str":null,
      "in_reply_to_user_id":null,
      "in_reply_to_user_id_str":null,
      "in_reply_to_screen_name":null,
      "user":{  
         "id":972571690923429889,
         "id_str":"972571690923429889",
         "name":"Rob Test1",
         "screen_name":"test1_rob",
         "location":"",
         "description":"",
         "url":null,
         "entities":{  
            "description":{  
               "urls":[  

               ]
            }
         },
         "protected":false,
         "followers_count":2,
         "friends_count":2,
         "listed_count":0,
         "created_at":"Sat Mar 10 20:35:35 +0000 2018",
         "favourites_count":0,
         "utc_offset":-25200,
         "time_zone":"Pacific Time (US & Canada)",
         "geo_enabled":false,
         "verified":false,
         "statuses_count":7,
         "lang":"en",
         "contributors_enabled":false,
         "is_translator":false,
         "is_translation_enabled":false,
         "profile_background_color":"F5F8FA",
         "profile_background_image_url":null,
         "profile_background_image_url_https":null,
         "profile_background_tile":false,
         "profile_image_url":"http:\/\/abs.twimg.com\/sticky\/default_profile_images\/default_profile_normal.png",
         "profile_image_url_https":"https:\/\/abs.twimg.com\/sticky\/default_profile_images\/default_profile_normal.png",
         "profile_link_color":"1DA1F2",
         "profile_sidebar_border_color":"C0DEED",
         "profile_sidebar_fill_color":"DDEEF6",
         "profile_text_color":"333333",
         "profile_use_background_image":true,
         "has_extended_profile":false,
         "default_profile":true,
         "default_profile_image":true,
         "following":false,
         "follow_request_sent":false,
         "notifications":false,
         "translator_type":"none"
      },
      "geo":null,
      "coordinates":null,
      "place":null,
      "contributors":null,
      "is_quote_status":false,
      "retweet_count":0,
      "favorite_count":0,
      "favorited":false,
      "retweeted":false,
      "lang":"in"
   }
]